{"operations":[{"id":"CSV.Import","aliases":[],"signature":["blob","string"],"category":"Document","label":"CSVImport","requires":null,"since":"","description":"","params":[{"name":"path","description":"","type":"string","widget":null,"values":[],"order":0,"required":true},{"name":"documentMode","description":"","type":"boolean","widget":null,"values":[],"order":0,"required":false},{"name":"sendReport","description":"","type":"boolean","widget":null,"values":[],"order":0,"required":false}]},{"id":"CSV.ImportStatus","aliases":[],"signature":["string","csvimportstatus"],"category":"Document","label":"CSVImportStatus","requires":null,"since":"","description":"","params":[]},{"id":"CSV.ImportLog","aliases":[],"signature":["string","list"],"category":"Document","label":"CSVImportLog","requires":null,"since":"","description":"","params":[]},{"id":"CSV.ImportResult","aliases":[],"signature":["string","csvimportresult"],"category":"Document","label":"CSVImportResults","requires":null,"since":"","description":"","params":[]}]}