{"operations":[{"id":"addToAShareDocument","aliases":[],"signature":["documents","documents","documents","document","documents","blob","documents","bloblist","documents","void","document","documents","document","document","document","blob","document","bloblist","document","void","blob","documents","blob","document","blob","blob","blob","bloblist","blob","void","bloblist","documents","bloblist","document","bloblist","blob","bloblist","bloblist","bloblist","void","void","documents","void","document","void","blob","void","bloblist","void","void"],"category":"Chain","label":"addToAShareDocument","requires":null,"since":"","description":null,"params":[]},{"id":"navToParent","aliases":[],"signature":["documents","documents","documents","document","documents","blob","documents","bloblist","documents","void","document","documents","document","document","document","blob","document","bloblist","document","void","blob","documents","blob","document","blob","blob","blob","bloblist","blob","void","bloblist","documents","bloblist","document","bloblist","blob","bloblist","bloblist","bloblist","void","void","documents","void","document","void","blob","void","bloblist","void","void"],"category":"Chain","label":"navToParent","requires":null,"since":"","description":null,"params":[]}],"doctypes":{"EasyShareFolder": {"parent":"Folder","schemas":["dublincore","common","easysharefolder","uid"],"facets":["Collection","NotCollectionMember"]}},"schemas":{"easysharefolder":{"@prefix":"eshare","contactEmail":"string","shareComment":"string","hasNotification":"boolean"}}}